Name,Description,List,Labels,Checklist
Initialize Git repo,Setup repository for SpectraStrike,Backlog,Dev,
Setup Python virtual environment,Setup Python venv and dependencies,Backlog,Dev,
Install core dependencies (requests; asyncio; logging),Install essential Python libraries,Backlog,Dev,
Setup Docker dev containers,Prepare development Docker containers,Backlog,Dev,
Setup IDE configuration,Configure IDE with recommended settings,Backlog,Dev,
Configure pre-commit hooks,Implement pre-commit hooks for code quality,Backlog,Dev,
Setup Git branching strategy,Define branching model (main/dev/feature),Backlog,Dev,
Implement initial CI/CD pipeline (GitHub Actions / GitLab CI),Automate build/test/deploy process,Backlog,Dev,
Setup logging framework,Implement logging for dev/testing,Backlog,Dev,
Configure AAA framework (AuthN/AuthZ/Accounting),Setup authentication/authorization/audit,Backlog,Dev,
Commit initial setup,Commit baseline project structure,Backlog,Dev,
QA: validate environment consistency,Check all setups work correctly,Backlog,QA,
QA: run linter & unit test baseline,Run initial code quality checks,Backlog,QA,
Design orchestrator architecture,Plan SpectraStrike orchestration engine structure,Backlog,Dev,
Implement event loop,Core async event loop implementation,Backlog,Dev,
Implement task scheduler,Schedule tasks for pentests and simulations,Backlog,Dev,
Implement telemetry ingestion,Collect telemetry from tools and manual tests,Backlog,Dev,
Implement logging & audit trails,Record all events for auditing,Backlog,Dev,
Implement AAA enforcement at engine level,Ensure AuthN/AuthZ in engine operations,Backlog,Dev,
Unit tests for orchestrator,Test orchestrator modules,Backlog,Dev,
Commit orchestrator code,Commit orchestrator implementation,Backlog,Dev,
QA: run functional tests,Verify orchestrator functionality,Backlog,QA,
QA: validate telemetry output,Check telemetry correctness,Backlog,QA,
QA: AAA access verification,Confirm access control is enforced,Backlog,QA,
Design API client for VectorVue,Plan integration with VectorVue API,Backlog,Integration,
Implement encrypted data transfer (TLS),Secure communication with VectorVue,Backlog,Integration,
Implement retries / backoff,Ensure reliable message delivery,Backlog,Integration,
Implement event batching,Batch telemetry events for efficiency,Backlog,Integration,
Implement message signing for integrity,Sign messages to guarantee integrity,Backlog,Integration,
Commit integration code,Commit integration implementation,Backlog,Integration,
QA: test API endpoints,Verify endpoints are functional,Backlog,QA,
QA: validate encrypted communication,Confirm TLS encryption works,Backlog,QA,
QA: confirm telemetry reaches VectorVue,Check end-to-end data delivery,Backlog,QA,
Create Python wrapper module (Nmap),Nmap wrapper for scans,Backlog,Dev,
Implement TCP SYN scan (Nmap),Nmap TCP scan,Backlog,Dev,
Implement UDP scan (Nmap),Nmap UDP scan,Backlog,Dev,
Implement OS detection (Nmap),Nmap OS detection,Backlog,Dev,
Parse XML/JSON output (Nmap),Parse scan results,Backlog,Dev,
Send scan results to orchestrator (Nmap),Send Nmap results to engine,Backlog,Dev,
Integrate logging & telemetry (Nmap),Log Nmap activity,Backlog,Dev,
Unit tests for wrapper (Nmap),Test Nmap wrapper,Backlog,Dev,
Commit wrapper (Nmap),Commit Nmap code,Backlog,Dev,
QA: validate scan accuracy (Nmap),Check scan correctness,Backlog,QA,
QA: AAA enforcement (Nmap),Confirm access control,Backlog,QA,
Connect to Metasploit RPC,Enable remote exploit control,Backlog,Dev,
Implement module loader (Metasploit),Load exploit modules dynamically,Backlog,Dev,
Execute exploits (Metasploit),Run automated exploits,Backlog,Dev,
Capture session output (Metasploit),Capture results and sessions,Backlog,Dev,
Send results to orchestrator (Metasploit),Push Metasploit output to engine,Backlog,Dev,
Logging & telemetry (Metasploit),Log events,Backlog,Dev,
Retry/error handling (Metasploit),Handle failed exploits,Backlog,Dev,
Unit tests (Metasploit),Test Metasploit wrapper,Backlog,Dev,
Commit wrapper (Metasploit),Commit Metasploit code,Backlog,Dev,
QA: validate exploit runs (Metasploit),Check exploit execution,Backlog,QA,
QA: check telemetry delivery (Metasploit),Confirm telemetry received,Backlog,QA,
Connect to Cobalt Strike API,Cobalt Strike beacon automation,Backlog,Dev,
Deploy beacon simulation (Cobalt Strike),Simulate attack beacon,Backlog,Dev,
Capture command output (Cobalt Strike),Capture commands,Backlog,Dev,
Log telemetry (Cobalt Strike),Log beacon events,Backlog,Dev,
Implement retry/error handling (Cobalt Strike),Ensure resilience,Backlog,Dev,
Unit tests (Cobalt Strike),Test wrapper,Backlog,Dev,
Commit wrapper (Cobalt Strike),Commit code,Backlog,Dev,
QA: verify beacon behavior (Cobalt Strike),Check beacon simulation,Backlog,QA,
QA: telemetry integration (Cobalt Strike),Confirm telemetry,Backlog,QA,
Setup Burp headless mode,Burp Suite web scanner automation,Backlog,Dev,
Configure target URLs (Burp),Configure targets,Backlog,Dev,
Automate spidering (Burp),Automate crawling,Backlog,Dev,
Automate active scanning (Burp),Automate vulnerability scans,Backlog,Dev,
Capture findings (Burp),Collect scan results,Backlog,Dev,
Send to orchestrator (Burp),Push Burp data,Backlog,Dev,
Unit tests (Burp),Test Burp integration,Backlog,Dev,
Commit wrapper (Burp),Commit Burp code,Backlog,Dev,
QA: validate scan coverage (Burp),Ensure all targets scanned,Backlog,QA,
QA: ensure AAA applied (Burp),Verify access control,Backlog,QA,
Implement wrapper module (Gobuster / DirBuster),Directory brute-force scanning,Backlog,Dev,
Configure wordlists (Gobuster / DirBuster),Set up wordlists,Backlog,Dev,
Automate directory scan (Gobuster / DirBuster),Run directory scans,Backlog,Dev,
Parse results (Gobuster / DirBuster),Parse directory scan results,Backlog,Dev,
Send to orchestrator (Gobuster / DirBuster),Push results to engine,Backlog,Dev,
Unit tests (Gobuster / DirBuster),Test wrapper,Backlog,Dev,
Commit wrapper (Gobuster / DirBuster),Commit code,Backlog,Dev,
QA: validate coverage (Gobuster / DirBuster),Check directories found,Backlog,QA,
QA: telemetry integration (Gobuster / DirBuster),Confirm telemetry sent,Backlog,QA,
Implement wrapper (Impacket),AD & network protocol tools,Backlog,Dev,
Execute SMB/LDAP/NTLM tests (Impacket),Run network tests,Backlog,Dev,
Capture output (Impacket),Collect results,Backlog,Dev,
Send telemetry (Impacket),Push results to engine,Backlog,Dev,
Unit tests (Impacket),Test wrapper,Backlog,Dev,
Commit wrapper (Impacket),Commit code,Backlog,Dev,
QA: verify network protocol handling (Impacket),Check protocol coverage,Backlog,QA,
QA: telemetry checks (Impacket),Confirm telemetry,Backlog,QA,
Execute AD enumeration (BloodHound),Enumerate AD,Backlog,Dev,
Build graph data (BloodHound),Build AD graph,Backlog,Dev,
Send to orchestrator (BloodHound),Push results,Backlog,Dev,
Logging & telemetry (BloodHound),Log events,Backlog,Dev,
Unit tests (BloodHound),Test wrapper,Backlog,Dev,
Commit wrapper (BloodHound),Commit code,Backlog,Dev,
QA: validate AD graph (BloodHound),Check graph accuracy,Backlog,QA,
QA: telemetry delivery (BloodHound),Confirm telemetry sent,Backlog,QA,
AWS SDK/Boto3 integration,Collect AWS data,Backlog,Dev,
Azure SDK integration,Collect Azure data,Backlog,Dev,
GCP SDK integration,Collect GCP data,Backlog,Dev,
Jenkins / GitLab / GitHub Actions integration,Collect CI/CD info,Backlog,Dev,
Terraform / Ansible checks,Infrastructure as code checks,Backlog,Dev,
Logging & telemetry (Cloud/CI),Log results,Backlog,Dev,
Unit tests (Cloud/CI),Test cloud/CI wrappers,Backlog,Dev,
Commit wrapper (Cloud/CI),Commit code,Backlog,Dev,
QA: verify cloud data collection,Check cloud integrations,Backlog,QA,
QA: CI/CD pipeline validation,Verify CI/CD info,Backlog,QA,
Implement mobile scanner integration,Mobile pentest tools,Backlog,Dev,
API fuzzing tools integration,API pentest automation,Backlog,Dev,
Web vulnerability scanners (OWASP ZAP),Web app scans,Backlog,Dev,
Capture results (Mobile/API/Web),Collect findings,Backlog,Dev,
Send telemetry (Mobile/API/Web),Push results,Backlog,Dev,
Unit tests (Mobile/API/Web),Test wrappers,Backlog,Dev,
Commit wrapper (Mobile/API/Web),Commit code,Backlog,Dev,
QA: validate scans (Mobile/API/Web),Verify scan coverage,Backlog,QA,
QA: telemetry integration (Mobile/API/Web),Confirm telemetry sent,Backlog,QA,
Implement ATT&CK scenarios,Red Team simulations,Backlog,Dev,
Implement Chaos Monkey / Chaos Toolkit scripts,Chaos/Failure simulations,Backlog,Dev,
Failure simulation scripts,Simulate failures,Backlog,Dev,
Logging & telemetry (Red Team),Log events,Backlog,Dev,
Unit tests (Red Team),Test wrapper,Backlog,Dev,
Commit wrapper (Red Team),Commit code,Backlog,Dev,
QA: validate simulation scenarios (Red Team),Confirm scenarios work,Backlog,QA,
QA: telemetry delivery (Red Team),Confirm telemetry sent,Backlog,QA,
Design manual input API,Manual pentester input ingestion,Backlog,Dev,
Implement authentication & authorization (Manual),AAA enforcement for manual tests,Backlog,Dev,
Implement audit logging (Manual),Audit manual submissions,Backlog,Dev,
Integrate manual results into orchestrator,Push manual results to engine,Backlog,Dev,
Unit tests (Manual),Test manual input API,Backlog,Dev,
Commit code (Manual),Commit code,Backlog,Dev,
QA: verify manual test ingestion,Confirm manual tests received,Backlog,QA,
QA: telemetry delivery (Manual),Confirm telemetry sent,Backlog,QA,
Research AI pentest API,Study AI tools for pentesting,Backlog,Future,
Design integration layer (AI),Plan AI integration,Backlog,Future,
Implement AI query module,Query AI for pentesting tasks,Backlog,Future,
Send/receive results to orchestrator (AI),Push AI output,Backlog,Future,
Logging & telemetry (AI),Log AI events,Backlog,Future,
Unit tests (AI),Test AI module,Backlog,Future,
Commit code (AI),Commit AI integration,Backlog,Future,
QA: validate AI suggestions,Check AI outputs,Backlog,QA,
QA: telemetry integration (AI),Confirm telemetry sent,Backlog,QA,
Finalize API calls for VectorVue,Complete integration,Backlog,Integration,
Implement secure data push (VectorVue),Securely push results,Backlog,Integration,
Verify event batching (VectorVue),Ensure batch delivery,Backlog,Integration,
End-to-end test with SpectraStrike,Full system validation,Backlog,Integration,
Logging & telemetry (VectorVue),Log all events,Backlog,Integration,
Unit tests (VectorVue),Test full pipeline,Backlog,Integration,
Commit code (VectorVue),Commit integration,Backlog,Integration,
QA: end-to-end validation,Confirm end-to-end functionality,Backlog,QA,
QA: verify AAA & audit logging,Confirm AAA & audit,Backlog,QA,
QA: confirm telemetry accuracy,Check telemetry consistency,Backlog,QA,
Write user documentation,Document usage,Backlog,Dev,
Write developer documentation,Document code & API,Backlog,Dev,
Prepare deployment scripts,Scripts for release,Backlog,Dev,
Final QA review,Final testing,Backlog,QA,
Final commit,Commit final code,Backlog,Dev,
Tag release in Git,Tag version release,Backlog,Dev,
QA: documentation review,Review docs,Backlog,QA,
QA: final regression tests,Run regression tests,Backlog,QA,
